Availability,Time
379,4/25: NEXT DAY
358,4/26: MORNING
846,4/26: NEXT DAY
790,4/27: MORNING
1591,4/27: NEXT DAY
1196,4/28: MORNING
1474,4/28: NEXT DAY
1132,4/29: MORNING
1289,4/29: NEXT DAY
901,4/30: MORNING
1243,4/30: NEXT DAY: 3 PM
1226,4/30: NEXT DAY: 4 PM
1209,4/30: NEXT DAY: 5 PM
1199,4/30: NEXT DAY: 6 PM
1165,4/30: NEXT DAY: 7 PM
1136,4/30: NEXT DAY: 8 PM
1100,4/30: NEXT DAY: 9 PM
1080,4/30: NEXT DAY: 10 PM
1063,4/30: NEXT DAY: 11 PM
1028,5/1: TODAY: 0 AM
985,5/1: TODAY: 1 AM
946,5/1: TODAY: 2 AM
942,5/1: TODAY: 3 AM
937,5/1: TODAY: 4 AM
937,5/1: TODAY: 5 AM
937,5/1: TODAY: 6 AM
933,5/1: TODAY: 7 AM
868,5/1: TODAY: 8 AM
742,5/1: TODAY: 9 AM
677,5/1: TODAY: 10 AM
634,5/1: TODAY: 11 AM
1157,5/1: NEXT DAY: 0 PM
1145,5/1: NEXT DAY: 1 PM
1135,5/1: NEXT DAY: 2 PM
1123,5/1: NEXT DAY: 3 PM
1111,5/1: NEXT DAY: 4 PM
1095,5/1: NEXT DAY: 5 PM
1075,5/1: NEXT DAY: 6 PM
1059,5/1: NEXT DAY: 7 PM
1036,5/1: NEXT DAY: 8 PM
1032,5/1: NEXT DAY: 9 PM
1020,5/1: NEXT DAY: 10 PM
1008,5/1: NEXT DAY: 11 PM
968,5/2: TODAY: 0 AM
931,5/2: TODAY: 1 AM
895,5/2: TODAY: 2 AM
887,5/2: TODAY: 3 AM
887,5/2: TODAY: 4 AM
887,5/2: TODAY: 5 AM
887,5/2: TODAY: 6 AM
883,5/2: TODAY: 7 AM
810,5/2: TODAY: 8 AM
647,5/2: TODAY: 9 AM
508,5/2: TODAY: 10 AM
431,5/2: TODAY: 11 AM
402,5/2: NEXT DAY: 0 PM
395,5/2: NEXT DAY: 1 PM
395,5/2: NEXT DAY: 2 PM
395,5/2: NEXT DAY: 3 PM
391,5/2: NEXT DAY: 4 PM
387,5/2: NEXT DAY: 5 PM
383,5/2: NEXT DAY: 6 PM
383,5/2: NEXT DAY: 7 PM
383,5/2: NEXT DAY: 8 PM
371,5/2: NEXT DAY: 9 PM
371,5/2: NEXT DAY: 10 PM
371,5/2: NEXT DAY: 11 PM
363,5/3: TODAY: 0 AM
352,5/3: TODAY: 1 AM
348,5/3: TODAY: 2 AM
348,5/3: TODAY: 3 AM
348,5/3: TODAY: 4 AM
348,5/3: TODAY: 5 AM
348,5/3: TODAY: 6 AM
348,5/3: TODAY: 7 AM
348,5/3: TODAY: 8 AM
348,5/3: TODAY: 9 AM
348,5/3: TODAY: 10 AM
342,5/3: TODAY: 11 AM
883,5/3: NEXT DAY: 0 PM
883,5/3: NEXT DAY: 1 PM
883,5/3: NEXT DAY: 2 PM
879,5/3: NEXT DAY: 3 PM
871,5/3: NEXT DAY: 4 PM
871,5/3: NEXT DAY: 5 PM
871,5/3: NEXT DAY: 6 PM
871,5/3: NEXT DAY: 7 PM
866,5/3: NEXT DAY: 8 PM
859,5/3: NEXT DAY: 9 PM
855,5/3: NEXT DAY: 10 PM
839,5/3: NEXT DAY: 11 PM
826,5/4: TODAY: 0 AM
818,5/4: TODAY: 1 AM
807,5/4: TODAY: 2 AM
791,5/4: TODAY: 3 AM
785,5/4: TODAY: 4 AM
775,5/4: TODAY: 5 AM
776,5/4: TODAY: 6 AM
773,5/4: TODAY: 7 AM
773,5/4: TODAY: 8 AM
773,5/4: TODAY: 9 AM
773,5/4: TODAY: 10 AM
761,5/4: TODAY: 11 AM
1713,5/4: NEXT DAY: 0 PM
1705,5/4: NEXT DAY: 1 PM
1683,5/4: NEXT DAY: 2 PM
1672,5/4: NEXT DAY: 3 PM
1658,5/4: NEXT DAY: 4 PM
1639,5/4: NEXT DAY: 5 PM
1620,5/4: NEXT DAY: 6 PM
1593,5/4: NEXT DAY: 7 PM
1545,5/4: NEXT DAY: 8 PM
1507,5/4: NEXT DAY: 9 PM
1458,5/4: NEXT DAY: 10 PM
1400,5/4: NEXT DAY: 11 PM
1351,5/5: TODAY: 0 AM
1293,5/5: TODAY: 1 AM
1264,5/5: TODAY: 2 AM
1256,5/5: TODAY: 3 AM
1256,5/5: TODAY: 4 AM
1252,5/5: TODAY: 5 AM
1252,5/5: TODAY: 6 AM
1228,5/5: TODAY: 7 AM
1124,5/5: TODAY: 8 AM
943,5/5: TODAY: 9 AM
827,5/5: TODAY: 10 AM
713,5/5: TODAY: 11 AM
1557,5/5: NEXT DAY: 0 PM
1520,5/5: NEXT DAY: 1 PM
1492,5/5: NEXT DAY: 2 PM
1444,5/5: NEXT DAY: 3 PM
1412,5/5: NEXT DAY: 4 PM
1368,5/5: NEXT DAY: 5 PM
1355,5/5: NEXT DAY: 6 PM
1336,5/5: NEXT DAY: 7 PM
1291,5/5: NEXT DAY: 8 PM
1265,5/5: NEXT DAY: 9 PM
1219,5/5: NEXT DAY: 10 PM
1151,5/5: NEXT DAY: 11 PM
1086,5/6: TODAY: 0 AM
1041,5/6: TODAY: 1 AM
1011,5/6: TODAY: 2 AM
1006,5/6: TODAY: 3 AM
1002,5/6: TODAY: 4 AM
1002,5/6: TODAY: 5 AM
1002,5/6: TODAY: 6 AM
1001,5/6: TODAY: 7 AM
915,5/6: TODAY: 8 AM
764,5/6: TODAY: 9 AM
665,5/6: TODAY: 10 AM
592,5/6: TODAY: 11 AM
1556,5/6: NEXT DAY: 0 PM
1539,5/6: NEXT DAY: 1 PM
1525,5/6: NEXT DAY: 2 PM
1495,5/6: NEXT DAY: 3 PM
1467,5/6: NEXT DAY: 4 PM
1437,5/6: NEXT DAY: 5 PM
1402,5/6: NEXT DAY: 6 PM
1378,5/6: NEXT DAY: 7 PM
1354,5/6: NEXT DAY: 8 PM
1328,5/6: NEXT DAY: 9 PM
1312,5/6: NEXT DAY: 10 PM
1260,5/6: NEXT DAY: 11 PM
1223,5/7: TODAY: 0 AM
1178,5/7: TODAY: 1 AM
1148,5/7: TODAY: 2 AM
1148,5/7: TODAY: 3 AM
1144,5/7: TODAY: 4 AM
1124,5/7: TODAY: 5 AM
1132,5/7: TODAY: 6 AM
1128,5/7: TODAY: 7 AM
1040,5/7: TODAY: 8 AM
838,5/7: TODAY: 9 AM
716,5/7: TODAY: 10 AM
649,5/7: TODAY: 11 AM
1481,5/7: NEXT DAY: 0 PM
1473,5/7: NEXT DAY: 1 PM
1460,5/7: NEXT DAY: 2 PM
1446,5/7: NEXT DAY: 3 PM
1438,5/7: NEXT DAY: 4 PM
1422,5/7: NEXT DAY: 5 PM
1390,5/7: NEXT DAY: 6 PM
1372,5/7: NEXT DAY: 7 PM
1359,5/7: NEXT DAY: 8 PM
1346,5/7: NEXT DAY: 9 PM
1315,5/7: NEXT DAY: 10 PM
1287,5/7: NEXT DAY: 11 PM
1246,5/8: TODAY: 0 AM
1196,5/8: TODAY: 1 AM
1153,5/8: TODAY: 2 AM
1144,5/8: TODAY: 3 AM
1140,5/8: TODAY: 4 AM
1140,5/8: TODAY: 5 AM
1140,5/8: TODAY: 6 AM
1133,5/8: TODAY: 7 AM
1076,5/8: TODAY: 8 AM
890,5/8: TODAY: 9 AM
759,5/8: TODAY: 10 AM
675,5/8: TODAY: 11 AM
1205,5/8: NEXT DAY: 0 PM
1201,5/8: NEXT DAY: 1 PM
1197,5/8: NEXT DAY: 2 PM
1187,5/8: NEXT DAY: 3 PM
1161,5/8: NEXT DAY: 4 PM
1147,5/8: NEXT DAY: 5 PM
1132,5/8: NEXT DAY: 6 PM
1110,5/8: NEXT DAY: 7 PM
1083,5/8: NEXT DAY: 8 PM
1058,5/8: NEXT DAY: 9 PM
1055,5/8: NEXT DAY: 10 PM
1031,5/8: NEXT DAY: 11 PM
988,5/9: TODAY: 0 AM
948,5/9: TODAY: 1 AM
915,5/9: TODAY: 2 AM
898,5/9: TODAY: 3 AM
895,5/9: TODAY: 4 AM
898,5/9: TODAY: 5 AM
893,5/9: TODAY: 6 AM
884,5/9: TODAY: 7 AM
819,5/9: TODAY: 8 AM
656,5/9: TODAY: 9 AM
522,5/9: TODAY: 10 AM
423,5/9: TODAY: 11 AM
401,5/9: NEXT DAY: 0 PM
401,5/9: NEXT DAY: 1 PM
397,5/9: NEXT DAY: 2 PM
397,5/9: NEXT DAY: 3 PM
397,5/9: NEXT DAY: 4 PM
393,5/9: NEXT DAY: 5 PM
393,5/9: NEXT DAY: 6 PM
393,5/9: NEXT DAY: 7 PM
393,5/9: NEXT DAY: 8 PM
389,5/9: NEXT DAY: 9 PM
389,5/9: NEXT DAY: 10 PM
387,5/9: NEXT DAY: 11 PM
380,5/10: TODAY: 0 AM
383,5/10: TODAY: 1 AM
379,5/10: TODAY: 2 AM
379,5/10: TODAY: 3 AM
379,5/10: TODAY: 4 AM
379,5/10: TODAY: 5 AM
379,5/10: TODAY: 6 AM
379,5/10: TODAY: 7 AM
379,5/10: TODAY: 8 AM
379,5/10: TODAY: 9 AM
379,5/10: TODAY: 10 AM
375,5/10: TODAY: 11 AM
919,5/10: NEXT DAY: 0 PM
919,5/10: NEXT DAY: 1 PM
919,5/10: NEXT DAY: 2 PM
919,5/10: NEXT DAY: 3 PM
919,5/10: NEXT DAY: 4 PM
919,5/10: NEXT DAY: 5 PM
919,5/10: NEXT DAY: 6 PM
915,5/10: NEXT DAY: 7 PM
911,5/10: NEXT DAY: 8 PM
911,5/10: NEXT DAY: 9 PM
911,5/10: NEXT DAY: 10 PM
911,5/10: NEXT DAY: 11 PM
911,5/11: TODAY: 0 AM
911,5/11: TODAY: 1 AM
903,5/11: TODAY: 2 AM
903,5/11: TODAY: 3 AM
903,5/11: TODAY: 4 AM
903,5/11: TODAY: 5 AM
903,5/11: TODAY: 6 AM
903,5/11: TODAY: 7 AM
903,5/11: TODAY: 8 AM
899,5/11: TODAY: 9 AM
899,5/11: TODAY: 10 AM
895,5/11: TODAY: 11 AM
1809,5/11: NEXT DAY: 0 PM
1809,5/11: NEXT DAY: 1 PM
1798,5/11: NEXT DAY: 2 PM
1790,5/11: NEXT DAY: 3 PM
1762,5/11: NEXT DAY: 4 PM
1727,5/11: NEXT DAY: 5 PM
1717,5/11: NEXT DAY: 6 PM
1674,5/11: NEXT DAY: 7 PM
1649,5/11: NEXT DAY: 8 PM
1621,5/11: NEXT DAY: 9 PM
1592,5/11: NEXT DAY: 10 PM
1551,5/11: NEXT DAY: 11 PM
1467,5/12: TODAY: 0 AM
1412,5/12: TODAY: 1 AM
1356,5/12: TODAY: 2 AM
1343,5/12: TODAY: 3 AM
1339,5/12: TODAY: 4 AM
1339,5/12: TODAY: 5 AM
1336,5/12: TODAY: 6 AM
1326,5/12: TODAY: 7 AM
1262,5/12: TODAY: 8 AM
1062,5/12: TODAY: 9 AM
915,5/12: TODAY: 10 AM
786,5/12: TODAY: 11 AM
1686,5/12: NEXT DAY: 0 PM
1644,5/12: NEXT DAY: 1 PM
1628,5/12: NEXT DAY: 2 PM
1614,5/12: NEXT DAY: 3 PM
1592,5/12: NEXT DAY: 4 PM
1553,5/12: NEXT DAY: 5 PM
1515,5/12: NEXT DAY: 6 PM
1487,5/12: NEXT DAY: 7 PM
1471,5/12: NEXT DAY: 8 PM
1448,5/12: NEXT DAY: 9 PM
1391,5/12: NEXT DAY: 10 PM
1355,5/12: NEXT DAY: 11 PM
1295,5/13: TODAY: 0 AM
1260,5/13: TODAY: 1 AM
1215,5/13: TODAY: 2 AM
1203,5/13: TODAY: 3 AM
1192,5/13: TODAY: 4 AM
1192,5/13: TODAY: 5 AM
1192,5/13: TODAY: 6 AM
1184,5/13: TODAY: 7 AM
1114,5/13: TODAY: 8 AM
942,5/13: TODAY: 9 AM
791,5/13: TODAY: 10 AM
676,5/13: TODAY: 11 AM
1455,5/13: NEXT DAY: 0 PM
1434,5/13: NEXT DAY: 1 PM
1428,5/13: NEXT DAY: 2 PM
1409,5/13: NEXT DAY: 3 PM
1369,5/13: NEXT DAY: 4 PM
1359,5/13: NEXT DAY: 5 PM
1328,5/13: NEXT DAY: 6 PM
1307,5/13: NEXT DAY: 7 PM
1291,5/13: NEXT DAY: 8 PM
1251,5/13: NEXT DAY: 9 PM
1234,5/13: NEXT DAY: 10 PM
1171,5/13: NEXT DAY: 11 PM
1140,5/14: TODAY: 0 AM
1108,5/14: TODAY: 1 AM
1080,5/14: TODAY: 2 AM
1077,5/14: TODAY: 3 AM
1066,5/14: TODAY: 4 AM
1061,5/14: TODAY: 5 AM
1057,5/14: TODAY: 6 AM
1057,5/14: TODAY: 7 AM
982,5/14: TODAY: 8 AM
819,5/14: TODAY: 9 AM
697,5/14: TODAY: 10 AM
609,5/14: TODAY: 11 AM
1528,5/14: NEXT DAY: 0 PM
1521,5/14: NEXT DAY: 1 PM
1514,5/14: NEXT DAY: 2 PM
1487,5/14: NEXT DAY: 3 PM
1475,5/14: NEXT DAY: 4 PM
1455,5/14: NEXT DAY: 5 PM
1449,5/14: NEXT DAY: 6 PM
1432,5/14: NEXT DAY: 7 PM
1411,5/14: NEXT DAY: 8 PM
1383,5/14: NEXT DAY: 9 PM
1359,5/14: NEXT DAY: 10 PM
1328,5/14: NEXT DAY: 11 PM
1283,5/15: TODAY: 0 AM
1253,5/15: TODAY: 1 AM
1226,5/15: TODAY: 2 AM
1226,5/15: TODAY: 3 AM
1222,5/15: TODAY: 4 AM
1219,5/15: TODAY: 5 AM
1217,5/15: TODAY: 6 AM
1217,5/15: TODAY: 7 AM
1151,5/15: TODAY: 8 AM
